Timestamp_Epoch,Timestamp_Seconds,Cart_X,Cart_Y,Cart_Z,Yaw_angle,Cable_X,Cable_Y,Unused,Cable_Lock,Yaw_angle_corrected,Rot_X,Rot_Y,CCOG_X,CCOG_Y,CCOG_Z
1759745757.031,121557.031,619511.0,5806174.96,41.47,-89.69999999999997,7.00000000000001,3.399999999999992,,1,90.30000000000003,-3.4366051404611833,6.982101768705169,619507.5633948595,5806181.942101768,41.47
1759745757.235,121557.235,619511.0,5806174.96,41.47,-89.69999999999997,7.00000000000001,3.399999999999992,,1,90.30000000000003,-3.4366051404611833,6.982101768705169,619507.5633948595,5806181.942101768,41.47
1759745757.451,121557.451,619511.0,5806174.96,41.47,-89.69999999999997,7.00000000000001,3.399999999999992,,1,90.30000000000003,-3.4366051404611833,6.982101768705169,619507.5633948595,5806181.942101768,41.47
1759745757.655,121557.655,619511.0,5806174.96,41.47,-89.69999999999997,7.00000000000001,3.399999999999992,,1,90.30000000000003,-3.4366051404611833,6.982101768705169,619507.5633948595,5806181.942101768,41.47
1759745757.857,121557.857,619511.0,5806174.96,41.47,-89.69999999999997,7.00000000000001,3.399999999999992,,1,90.30000000000003,-3.4366051404611833,6.982101768705169,619507.5633948595,5806181.942101768,41.47
1759745758.06,121558.06,619511.0,5806174.96,41.47,-89.69999999999997,7.00000000000001,3.399999999999992,,1,90.30000000000003,-3.4366051404611833,6.982101768705169,619507.5633948595,5806181.942101768,41.47
1759745758.263,121558.263,619511.0,5806174.96,41.47,-89.69999999999997,7.00000000000001,3.399999999999992,,1,90.30000000000003,-3.4366051404611833,6.982101768705169,619507.5633948595,5806181.942101768,41.47
1759745758.465,121558.465,619511.0,5806174.96,41.47,-89.69999999999997,7.00000000000001,3.399999999999992,,1,90.30000000000003,-3.4366051404611833,6.982101768705169,619507.5633948595,5806181.942101768,41.47
1759745758.682,121558.682,619511.0,5806174.96,41.47,-89.69999999999997,7.00000000000001,3.399999999999992,,1,90.30000000000003,-3.4366051404611833,6.982101768705169,619507.5633948595,5806181.942101768,41.47
1759745758.883,121558.883,619511.0,5806174.96,41.47,-89.69999999999997,7.00000000000001,3.399999999999992,,1,90.30000000000003,-3.4366051404611833,6.982101768705169,619507.5633948595,5806181.942101768,41.47
1759745759.085,121559.085,619511.0,5806174.96,41.47,-89.69999999999997,7.00000000000001,3.399999999999992,,1,90.30000000000003,-3.4366051404611833,6.982101768705169,619507.5633948595,5806181.942101768,41.47
1759745759.288,121559.288,619511.0,5806174.96,41.47,-90.7,2.5000000000000098,2.6999999999999846,,1,89.3,-2.669255995995087,2.5327993264063067,619508.330744004,5806177.492799327,41.47
1759745759.491,121559.491,619511.0,5806174.96,41.47,-91.6,0.9999999999999888,2.200000000000016,,1,88.4,-2.1712206143652275,1.0610377202321948,619508.8287793857,5806176.02103772,41.47
1759745759.694,121559.694,619510.97,5806174.97,41.46,-90.6,1.8999999999999964,2.5999999999999908,,1,89.4,-2.5799610505294557,1.927122460496708,619508.3900389494,5806176.89712246,41.46
1759745759.912,121559.912,619510.77,5806174.98,41.47,-89.80000000000001,1.900000000000009,3.2000000000000046,,1,90.19999999999999,-3.2066127421938586,1.8888183400210956,619507.5633872579,5806176.868818341,41.47
1759745760.115,121600.115,619510.66,5806174.97,41.48,-91.19999999999996,1.8000000000000025,3.2999999999999985,,1,88.80000000000004,-3.2615798996769474,1.8687152158698004,619507.3984201003,5806176.838715215,41.48
1759745760.317,121600.317,619510.56,5806174.95,41.48,-90.49999999999996,1.100000000000008,2.999999999999992,,1,89.50000000000004,-2.9902865801442955,1.1261377218657163,619507.5697134199,5806176.0761377225,41.48
1759745760.519,121600.519,619510.4,5806174.96,41.48,-89.89999999999995,2.0999999999999965,2.7999999999999785,,1,90.10000000000005,-2.8036609249255724,2.095109882093383,619507.5963390751,5806177.055109882,41.48
1759745760.721,121600.721,619510.18,5806174.95,41.47,-89.80000000000001,2.70000000000001,2.999999999999992,,1,90.19999999999999,-3.009406481794467,2.6895115964303735,619507.1705935183,5806177.639511596,41.47
1759745760.937,121600.937,619509.98,5806174.96,41.47,-90.2,4.1,3.2999999999999985,,1,89.8,-3.2856682244682895,4.111494171067179,619506.6943317755,5806179.071494171,41.47
1759745761.138,121601.138,619509.72,5806174.96,41.47,-92.10000000000008,4.9,3.600000000000005,,1,87.89999999999992,-3.4180280449410354,5.028626480859023,619506.301971955,5806179.988626481,41.47
1759745761.339,121601.339,619509.56,5806174.89,41.49,-93.0,4.300000000000012,3.800000000000018,,1,87.0,-3.5697476202227385,4.492983633167868,619505.9902523798,5806179.382983632,41.49
1759745761.539,121601.539,619509.3,5806174.82,41.5,-91.30000000000004,5.300000000000014,3.2000000000000046,,1,88.69999999999996,-3.0789334818968945,5.371235296843218,619506.2210665181,5806180.191235297,41.5
1759745761.539,121601.539,619509.3,5806174.82,41.5,-89.89999999999995,3.0000000000000044,2.900000000000023,,1,90.10000000000005,-2.905231568146255,2.99493397847876,619506.3947684319,5806177.814933979,41.5
1759745761.757,121601.757,619509.22,5806174.86,41.49,-91.6,2.8999999999999977,4.199999999999993,,1,88.4,-4.117389730871133,3.016140216256014,619505.1026102691,5806177.876140216,41.49
1759745761.96,121601.96,619509.1,5806174.94,41.46,-91.6,2.800000000000004,2.900000000000023,,1,88.4,-2.8206887451910583,2.8798810744113457,619506.2793112547,5806177.819881075,41.46
1759745762.163,121602.163,619508.88,5806174.87,41.5,-92.89999999999998,1.900000000000009,2.100000000000022,,1,87.10000000000002,-2.001184063941058,2.003811952811061,619506.878815936,5806176.873811953,41.5
1759745762.367,121602.367,619508.75,5806174.84,41.5,-91.19999999999996,2.8999999999999977,3.399999999999992,,1,88.80000000000004,-3.3385213061527335,2.970568209680461,619505.4114786938,5806177.81056821,41.5
1759745762.57,121602.57,619508.75,5806174.84,41.5,-91.19999999999996,2.8999999999999977,3.399999999999992,,1,88.80000000000004,-3.3385213061527335,2.970568209680461,619505.4114786938,5806177.81056821,41.5
1759745762.775,121602.775,619508.52,5806174.89,41.45,-90.7,2.0000000000000027,4.1,,1,89.3,-4.075260013937359,2.0499404427454198,619504.4447399861,5806176.939940442,41.45
1759745762.977,121602.977,619508.33,5806174.92,41.49,-92.89999999999998,2.200000000000016,2.4999999999999973,,1,87.10000000000002,-2.3854939247916938,2.323664935997008,619505.9445060751,5806177.243664936,41.49
1759745763.179,121603.179,619508.16,5806174.85,41.51,-90.2,2.2000000000000037,2.4999999999999973,,1,89.8,-2.4923053360309813,2.208713225385202,619505.667694664,5806177.058713225,41.51
1759745763.396,121603.396,619507.73,5806174.87,41.49,-90.0,4.500000000000012,5.1999999999999815,,1,90.0,-5.1999999999999815,4.500000000000012,619502.53,5806179.37,41.49
1759745763.598,121603.598,619507.44,5806174.88,41.47,-91.5,3.4999999999999987,4.399999999999981,,1,88.5,-4.306872910814877,3.61397920996909,619503.1331270891,5806178.49397921,41.47
1759745763.801,121603.801,619507.31,5806174.86,41.49,-91.30000000000004,3.900000000000012,3.500000000000011,,1,88.69999999999996,-3.4106185316956052,3.9784018438632724,619503.8993814683,5806178.838401844,41.49
1759745764.003,121604.003,619507.11,5806174.8,41.48,-89.60000000000002,4.400000000000019,3.2999999999999985,,1,90.39999999999998,-3.33063712663883,4.376854616120484,619503.7793628733,5806179.176854616,41.48
1759745764.205,121604.205,619506.89,5806174.81,41.47,-89.80000000000001,4.000000000000005,3.59999999999998,,1,90.19999999999999,-3.613940673228919,3.9874092855363625,619503.2760593268,5806178.797409285,41.47
1759745764.409,121604.409,619506.72,5806174.81,41.49,-87.39999999999996,4.300000000000012,3.399999999999992,,1,92.60000000000004,-3.5915607862442163,4.14133929046062,619503.1284392137,5806178.9513392905,41.49
1759745764.626,121604.626,619506.55,5806174.83,41.48,-85.60000000000002,4.7,3.2999999999999985,,1,94.39999999999998,-3.650853514544881,4.432975142648026,619502.8991464855,5806179.262975142,41.48
1759745764.83,121604.83,619506.32,5806174.84,41.48,-85.39999999999998,3.800000000000005,2.5999999999999908,,1,94.60000000000002,-2.8963809964358984,3.579242534878711,619503.4236190035,5806178.419242535,41.48
1759745765.031,121605.031,619506.18,5806174.83,41.48,-84.69999999999997,5.1000000000000005,1.699999999999996,,1,95.30000000000003,-2.163821982891252,4.921165962082214,619504.0161780171,5806179.751165962,41.48
1759745765.231,121605.231,619505.94,5806174.85,41.45,-84.39999999999999,4.600000000000007,2.4000000000000035,,1,95.60000000000001,-2.837427098848487,4.343847080494471,619503.102572901,5806179.19384708,41.45
1759745765.434,121605.434,619505.78,5806174.87,41.46,-85.69999999999996,5.000000000000007,3.000000000000017,,1,94.30000000000004,-3.366449034707006,4.7609894871466,619502.4135509654,5806179.630989487,41.46
1759745765.651,121605.651,619505.58,5806174.88,41.46,-86.30000000000003,4.400000000000019,3.600000000000005,,1,93.69999999999997,-3.876438382092863,4.158512410686959,619501.7035616179,5806179.038512411,41.46
1759745765.854,121605.854,619505.43,5806174.9,41.48,-88.69999999999997,4.1,3.499999999999986,,1,91.30000000000003,-3.5921172002778357,4.0195390307183265,619501.8378827998,5806178.919539031,41.48
1759745766.056,121606.056,619505.3,5806174.89,41.47,-90.29999999999998,4.900000000000014,3.399999999999992,,1,89.70000000000002,-3.374297170867288,4.9177351090392305,619501.9257028291,5806179.807735109,41.47
1759745766.26,121606.26,619505.07,5806174.87,41.47,-88.60000000000004,4.400000000000007,3.399999999999992,,1,91.39999999999996,-3.5064866491276856,4.315617149318194,619501.5635133508,5806179.18561715,41.47
1759745766.463,121606.463,619504.93,5806174.87,41.47,-88.60000000000004,6.199999999999996,3.399999999999992,,1,91.39999999999996,-3.5504645698024597,6.115079830924313,619501.3795354302,5806180.985079831,41.47
1759745766.665,121606.665,619504.67,5806174.88,41.46,-88.69999999999997,5.200000000000007,3.699999999999999,,1,91.30000000000003,-3.8170217890724487,5.114718434258745,619500.852978211,5806179.994718434,41.46
1759745766.882,121606.882,619504.67,5806174.88,41.46,-88.6000000000001,4.800000000000007,3.7999999999999927,,1,91.3999999999999,-3.9161401163012166,4.705724873969611,619500.7538598838,5806179.5857248735,41.46
1759745767.085,121607.085,619504.37,5806174.89,41.48,-90.1,5.900000000000002,3.2999999999999985,,1,89.9,-3.2896975364550483,5.905750597395864,619501.0803024635,5806180.7957505975,41.48
1759745767.288,121607.288,619504.11,5806174.88,41.48,-90.29999999999998,4.3,3.399999999999992,,1,89.70000000000002,-3.3774387491661395,4.3177433336907605,619500.7325612508,5806179.197743334,41.48
1759745767.489,121607.489,619503.98,5806174.87,41.48,-88.80000000000003,6.100000000000002,4.199999999999993,,1,91.19999999999997,-4.326827631882819,6.0107040056864625,619499.6531723681,5806180.880704006,41.48
1759745767.692,121607.692,619503.77,5806174.88,41.47,-86.60000000000001,6.100000000000002,4.199999999999993,,1,93.39999999999999,-4.554376156093173,5.8401761813159325,619499.215623844,5806180.720176181,41.47
1759745767.894,121607.894,619503.55,5806174.89,41.48,-86.60000000000001,3.600000000000005,2.0000000000000027,,1,93.39999999999999,-2.209982600720995,3.475050633373637,619501.3400173993,5806178.365050633,41.48
1759745768.098,121608.098,619503.49,5806174.87,41.49,-85.1,5.300000000000014,1.2000000000000015,,1,94.9,-1.6483240480571388,5.178129762046977,619501.841675952,5806180.0481297625,41.49
1759745768.315,121608.315,619503.15,5806174.9,41.46,-85.80000000000001,3.2000000000000046,2.0000000000000284,,1,94.19999999999999,-2.2289911852573656,3.0449299328630053,619500.9210088147,5806177.944929933,41.46
1759745768.516,121608.516,619503.03,5806174.93,41.45,-87.69999999999999,3.300000000000011,2.3000000000000096,,1,92.30000000000001,-2.4305820241206835,3.2050383810527947,619500.5994179759,5806178.1350383805,41.45
1759745768.718,121608.718,619502.84,5806174.9,41.5,-86.60000000000001,3.500000000000011,1.899999999999984,,1,93.39999999999999,-2.104227980571004,3.3811572879388643,619500.7357720194,5806178.281157289,41.5
1759745768.921,121608.921,619502.72,5806174.9,41.47,-86.89999999999999,3.099999999999998,1.899999999999984,,1,93.10000000000001,-2.06486399387259,2.9927139333401818,619500.6551360061,5806177.892713933,41.47
1759745769.123,121609.123,619502.48,5806174.93,41.47,-88.10000000000002,4.1,2.3000000000000096,,1,91.89999999999998,-2.4346717280590076,4.021488975067594,619500.0453282719,5806178.9514889745,41.47
1759745769.341,121609.341,619502.34,5806174.95,41.49,-89.60000000000002,3.0000000000000044,3.000000000000017,,1,90.39999999999998,-3.0208706730100845,2.9789831112223055,619499.319129327,5806177.928983112,41.49
1759745769.544,121609.544,619502.1,5806174.91,41.48,-90.0,5.100000000000014,2.5999999999999908,,1,90.0,-2.5999999999999903,5.100000000000014,619499.5,5806180.01,41.48
1759745769.744,121609.744,619501.89,5806174.93,41.46,-90.0,4.100000000000012,2.8999999999999977,,1,90.0,-2.8999999999999972,4.100000000000012,619498.99,5806179.029999999,41.46
1759745769.744,121609.744,619501.89,5806174.93,41.46,-90.8,5.999999999999996,3.2999999999999985,,1,89.2,-3.2159052471958303,6.045490339175001,619498.6740947529,5806180.975490339,41.46
1759745769.947,121609.947,619501.64,5806174.92,41.47,-90.9,5.300000000000001,3.700000000000024,,1,89.1,-3.6162947584295173,5.35746322620654,619498.0237052416,5806180.277463227,41.47
1759745770.149,121610.149,619501.64,5806174.92,41.47,-91.79999999999998,5.000000000000007,3.499999999999986,,1,88.20000000000002,-3.3412191658894064,5.107470458602113,619498.2987808341,5806180.027470458,41.47
1759745770.366,121610.366,619501.28,5806174.91,41.47,-91.79999999999998,4.599999999999993,2.5999999999999908,,1,88.20000000000002,-2.4542275651915046,4.679398151285492,619498.8257724348,5806179.589398151,41.47
1759745770.568,121610.568,619501.1,5806174.87,41.47,-92.19999999999996,4.000000000000005,2.70000000000001,,1,87.80000000000004,-2.5444586379586105,4.100698750178792,619498.555541362,5806178.970698751,41.47
1759745770.77,121610.77,619500.96,5806174.87,41.46,-92.19999999999996,4.000000000000005,2.70000000000001,,1,87.80000000000004,-2.5444586379586105,4.100698750178792,619498.415541362,5806178.970698751,41.46
1759745770.972,121610.972,619500.96,5806174.87,41.46,-92.19999999999996,3.600000000000005,3.2999999999999985,,1,87.80000000000004,-3.1593715114399794,3.7240262690670547,619497.8006284885,5806178.594026269,41.46
1759745771.174,121611.174,619500.56,5806174.89,41.46,-93.69999999999996,5.000000000000007,3.699999999999999,,1,86.30000000000004,-3.369626246342274,5.228347631896844,619497.1903737537,5806180.118347632,41.46
1759745771.391,121611.391,619500.56,5806174.89,41.46,-94.69999999999996,5.000000000000007,3.700000000000024,,1,85.30000000000004,-3.277865788076557,5.286359416021341,619497.282134212,5806180.176359416,41.46
1759745771.595,121611.595,619500.36,5806174.83,41.5,-94.8,4.2000000000000055,2.800000000000004,,1,85.2,-2.438733063902891,4.419567970178408,619497.9212669361,5806179.249567971,41.5
1759745771.796,121611.796,619500.19,5806174.77,41.49,-94.09999999999997,4.2000000000000055,2.800000000000004,,1,85.90000000000003,-2.4925449260093684,4.389444132441489,619497.6974550739,5806179.159444132,41.49
1759745772.0,121612.0,619499.99,5806174.79,41.47,-91.99999999999996,4.599999999999993,3.2000000000000046,,1,88.00000000000004,-3.0375129616296106,4.7088761937358345,619496.9524870383,5806179.498876194,41.47
1759745772.202,121612.202,619499.88,5806174.84,41.47,-92.39999999999996,3.699999999999986,2.4999999999999973,,1,87.60000000000004,-2.3428671564491075,3.8014436056887595,619497.5371328435,5806178.641443606,41.47
1759745772.404,121612.404,619499.66,5806174.79,41.5,-93.3,4.9,3.699999999999999,,1,86.7,-3.4118009893700236,5.104861801159139,619496.2481990106,5806179.8948618015,41.5
1759745772.62,121612.62,619499.54,5806174.76,41.48,-90.8,4.500000000000012,4.000000000000005,,1,89.2,-3.936780284511068,4.555410079398463,619495.6032197155,5806179.315410079,41.48
1759745772.823,121612.823,619499.29,5806174.76,41.47,-90.8,5.20000000000002,3.2000000000000046,,1,89.2,-3.127084739066222,5.244172101933667,619496.162915261,5806180.004172102,41.47
1759745773.024,121613.024,619498.93,5806174.75,41.48,-93.5,4.900000000000014,1.6000000000000023,,1,86.5,-1.2978778337541896,4.988538175522932,619497.6321221663,5806179.738538176,41.48
1759745773.227,121613.227,619498.93,5806174.75,41.48,-92.89999999999992,4.600000000000019,2.0999999999999965,,1,87.10000000000008,-1.8645831257339116,4.70035421720837,619497.0654168744,5806179.450354218,41.48
1759745773.429,121613.429,619498.76,5806174.71,41.46,-90.29999999999998,5.700000000000014,4.000000000000005,,1,89.70000000000002,-3.970100175150622,5.720865721136024,619494.7898998249,5806180.430865721,41.46
1759745773.647,121613.647,619498.64,5806174.75,41.44,-93.2,4.9,3.59999999999998,,1,86.8,-3.3208613765886086,5.0933171624670965,619495.3191386234,5806179.843317162,41.44
1759745773.851,121613.851,619498.42,5806174.79,41.46,-93.2,2.8999999999999977,2.0999999999999965,,1,86.8,-1.9348432403019813,3.012703376613387,619496.4851567597,5806177.802703377,41.46
1759745774.054,121614.054,619498.22,5806174.7,41.49,-91.39999999999996,3.800000000000005,1.7999999999999898,,1,88.60000000000004,-1.7066204046260396,3.8428435818432756,619496.5133795954,5806178.542843582,41.49
1759745774.257,121614.257,619498.22,5806174.7,41.49,-89.89999999999995,3.2000000000000046,1.899999999999984,,1,90.10000000000005,-1.9055821569061082,3.1966790022273166,619496.314417843,5806177.896679003,41.49
1759745774.457,121614.457,619497.91,5806174.7,41.47,-90.0,1.8000000000000154,2.0000000000000027,,1,90.0,-2.0000000000000027,1.8000000000000156,619495.91,5806176.5,41.47
1759745774.66,121614.66,619497.86,5806174.7,41.5,-90.0,4.200000000000019,1.5000000000000084,,1,90.0,-1.5000000000000082,4.200000000000019,619496.36,5806178.9,41.5
1759745774.863,121614.863,619497.61,5806174.68,41.51,-89.60000000000002,3.700000000000012,1.0999999999999823,,1,90.39999999999998,-1.1258038568783726,3.692230447282216,619496.4841961431,5806178.372230447,41.51
1759745775.08,121615.08,619497.48,5806174.66,41.51,-89.39999999999999,2.2999999999999967,1.699999999999996,,1,90.60000000000001,-1.7239918913887322,2.2820718565430567,619495.7560081086,5806176.942071857,41.51
1759745775.283,121615.283,619497.46,5806174.68,41.49,-90.49999999999996,4.400000000000007,2.70000000000001,,1,89.50000000000004,-2.66150043608043,4.423394107327969,619494.7984995638,5806179.103394107,41.49
1759745775.485,121615.485,619497.25,5806174.69,41.51,-90.1,3.600000000000005,3.1000000000000107,,1,89.9,-3.093712096313969,3.6054050348221254,619494.1562879037,5806178.295405035,41.51
1759745775.688,121615.688,619497.15,5806174.68,41.53,-90.39999999999998,4.000000000000005,2.4000000000000035,,1,89.60000000000002,-2.372016472501106,4.016657547536691,619494.7779835275,5806178.696657547,41.53
1759745775.89,121615.89,619496.99,5806174.63,41.53,-89.69999999999997,3.900000000000012,1.899999999999984,,1,90.30000000000003,-1.9203942142126331,3.889998208485278,619495.0696057858,5806178.519998209,41.53
1759745776.094,121616.094,619496.88,5806174.6,41.53,-91.0,5.000000000000007,1.9999999999999771,,1,89.0,-1.9124333581263415,5.03414328865653,619494.9675666419,5806179.634143288,41.53
1759745776.312,121616.312,619496.56,5806174.65,41.52,-91.89999999999998,5.700000000000002,3.2000000000000046,,1,88.10000000000002,-3.0092561741990305,5.802962801711301,619493.5507438259,5806180.452962802,41.52
1759745776.515,121616.515,619496.46,5806174.64,41.54,-90.7,5.900000000000002,4.299999999999987,,1,89.3,-4.227598784611973,5.952092784588231,619492.2324012154,5806180.592092784,41.54
1759745776.717,121616.717,619496.35,5806174.58,41.55,-91.7,7.099999999999991,3.399999999999992,,1,88.3,-3.1878731914016116,7.197740236736994,619493.1621268085,5806181.777740236,41.55
1759745776.923,121616.923,619496.3,5806174.59,41.53,-92.19999999999996,7.300000000000004,2.0000000000000027,,1,87.80000000000004,-1.7182948264823552,7.3713949079725785,619494.5817051736,5806181.961394908,41.53
1759745777.127,121617.127,619496.25,5806174.62,41.51,-91.30000000000004,7.999999999999998,2.8999999999999977,,1,88.69999999999996,-2.7177548984535664,8.063734141942653,619493.5322451015,5806182.683734142,41.51
1759745777.328,121617.328,619496.26,5806174.61,41.54,-91.99999999999996,7.399999999999998,3.6999999999999735,,1,88.00000000000004,-3.439489784372127,7.5246202577405565,619492.8205102156,5806182.134620258,41.54
1759745777.531,121617.531,619496.3,5806174.59,41.54,-91.5,6.3000000000000025,3.000000000000017,,1,88.5,-2.834057200587088,6.376371992269633,619493.4659427995,5806180.966371992,41.54
1759745777.735,121617.735,619496.31,5806174.62,41.53,-91.79999999999998,5.300000000000014,3.000000000000017,,1,88.20000000000002,-2.832042657983133,5.391617047172776,619493.477957342,5806180.011617048,41.53
1759745777.952,121617.952,619496.33,5806174.61,41.53,-92.39999999999996,5.300000000000001,3.2999999999999985,,1,87.60000000000004,-3.075164374561476,5.433540656830306,619493.2548356254,5806180.0435406575,41.53
1759745777.952,121617.952,619496.33,5806174.61,41.53,-91.5,5.500000000000014,3.2000000000000046,,1,88.5,-3.0549302242284853,5.581881521950773,619493.2750697758,5806180.191881523,41.53
1759745778.154,121618.154,619496.32,5806174.6,41.54,-91.89999999999998,5.500000000000002,2.8999999999999977,,1,88.10000000000002,-2.7160521450942015,5.593126205006391,619493.6039478548,5806180.193126204,41.54
1759745778.355,121618.355,619496.32,5806174.6,41.53,-90.29999999999998,5.300000000000001,3.2000000000000046,,1,89.70000000000002,-3.172205526885248,5.316682433171904,619493.1477944731,5806179.916682432,41.53
1759745778.557,121618.557,619496.33,5806174.61,41.55,-89.89999999999995,4.100000000000012,3.000000000000017,,1,90.10000000000005,-3.007151277040067,4.094757770246794,619493.3228487229,5806178.7047577705,41.55
1759745778.758,121618.758,619496.33,5806174.6,41.56,-90.7,3.099999999999998,2.4999999999999973,,1,89.3,-2.461940721561861,3.130311148035517,619493.8680592783,5806177.730311148,41.56
1759745778.977,121618.977,619496.34,5806174.61,41.56,-90.7,3.099999999999998,2.4999999999999973,,1,89.3,-2.461940721561861,3.130311148035517,619493.8780592784,5806177.740311149,41.56
1759745779.18,121619.18,619496.3,5806174.63,41.55,-90.79999999999995,2.4000000000000035,3.099999999999985,,1,89.20000000000005,-3.0661885916148814,2.4430488166736812,619493.2338114084,5806177.073048817,41.55
1759745779.381,121619.381,619496.24,5806174.6,41.56,-90.8,2.5000000000000098,3.2000000000000046,,1,89.2,-3.1647826259819145,2.5444352871085356,619493.075217374,5806177.1444352865,41.56
1759745779.584,121619.584,619496.14,5806174.57,41.56,-90.0,1.900000000000009,2.800000000000004,,1,90.0,-2.800000000000004,1.9000000000000092,619493.34,5806176.470000001,41.56
1759745779.786,121619.786,619496.06,5806174.6,41.56,-87.59999999999995,2.1000000000000094,2.800000000000004,,1,92.40000000000005,-2.885482797108128,1.98090611276585,619493.1745172029,5806176.580906113,41.56
1759745779.989,121619.989,619495.91,5806174.6,41.55,-87.30000000000001,2.1000000000000094,2.7999999999999785,,1,92.69999999999999,-2.8958151963837437,1.9657706754331488,619493.0141848037,5806176.565770675,41.55
1759745780.208,121620.208,619495.84,5806174.61,41.57,-86.89999999999999,2.4999999999999973,2.3000000000000096,,1,93.10000000000001,-2.431831374212235,2.371960405950543,619493.4081686258,5806176.9819604065,41.57
1759745780.41,121620.41,619495.7,5806174.58,41.57,-86.30000000000003,3.1000000000000107,1.899999999999984,,1,93.69999999999997,-2.0960898303012927,2.9709270309631477,619493.6039101697,5806177.550927031,41.57
1759745780.613,121620.613,619495.52,5806174.57,41.56,-86.89999999999999,3.200000000000017,2.200000000000016,,1,93.10000000000001,-2.369832876268964,3.0763439564773876,619493.1501671238,5806177.646343957,41.56
1759745780.815,121620.815,619495.39,5806174.58,41.57,-87.69999999999999,3.4999999999999987,2.8000000000000296,,1,92.30000000000001,-2.9382055801844373,3.3848113638093906,619492.4517944198,5806177.964811364,41.57
1759745781.018,121621.018,619495.23,5806174.6,41.56,-87.69999999999999,4.500000000000012,4.1,,1,92.30000000000001,-4.277290086365747,4.331834428631524,619490.9527099136,5806178.931834429,41.56
1759745781.222,121621.222,619495.06,5806174.61,41.57,-87.29999999999997,5.800000000000008,3.8999999999999866,,1,92.70000000000003,-4.1688879264676,5.609846117011825,619490.8911120736,5806180.219846117,41.57
1759745781.423,121621.423,619494.85,5806174.61,41.57,-87.19999999999997,3.900000000000012,3.2999999999999985,,1,92.80000000000003,-3.4865743554296245,3.734139695306079,619491.3634256446,5806178.344139696,41.57
1759745781.642,121621.642,619494.8,5806174.6,41.56,-87.89999999999998,1.8999999999999964,2.4000000000000035,,1,92.10000000000002,-2.468011191611236,1.810779047283707,619492.3319888085,5806176.410779047,41.56
1759745781.844,121621.844,619494.78,5806174.56,41.56,-87.89999999999992,2.7999999999999914,2.0000000000000027,,1,92.10000000000008,-2.1012591719356766,2.7248320851671135,619492.6787408281,5806177.284832085,41.56
1759745782.047,121622.047,619494.59,5806174.58,41.56,-87.90000000000003,0.8000000000000012,3.600000000000005,,1,92.09999999999997,-3.626897184568412,0.6675453636793254,619490.9631028154,5806175.247545363,41.56
1759745782.251,121622.251,619494.56,5806174.61,41.58,-87.6,1.4000000000000148,4.000000000000005,,1,92.4,-4.0551172356163185,1.2312693472216178,619490.5048827644,5806175.841269348,41.58
1759745782.454,121622.454,619494.56,5806174.61,41.58,-87.39999999999996,2.5000000000000098,3.2999999999999985,,1,92.60000000000004,-3.4100103506324935,2.3477285636502567,619491.1499896494,5806176.957728564,41.58
1759745782.657,121622.657,619494.42,5806174.62,41.6,-88.69999999999997,3.0000000000000044,2.200000000000016,,1,91.30000000000003,-2.267495741228298,2.9493156941079786,619492.1525042588,5806177.569315694,41.6
1759745782.858,121622.858,619494.21,5806174.58,41.59,-87.99999999999997,4.100000000000012,2.6999999999999846,,1,92.00000000000003,-2.841443169431799,4.003273749681551,619491.3685568306,5806178.58327375,41.59
1759745783.077,121623.077,619494.02,5806174.57,41.59,-87.6,4.9,3.2000000000000046,,1,92.4,-3.4023837595894295,4.761699775550968,619490.6176162404,5806179.3316997755,41.59
1759745783.278,121623.278,619493.61,5806174.6,41.56,-87.6,5.1000000000000005,2.5999999999999908,,1,92.4,-2.8112851922759403,4.986649733808259,619490.7987148077,5806179.586649734,41.56
1759745783.48,121623.48,619493.45,5806174.61,41.58,-86.89999999999999,4.199999999999993,2.800000000000004,,1,93.10000000000001,-3.023033691449453,4.04243333901271,619490.4269663085,5806178.6524333395,41.58
1759745783.681,121623.681,619493.45,5806174.61,41.58,-86.0,4.5,2.5999999999999908,,1,94.0,-2.9075706625240976,4.307671394434483,619490.5424293374,5806178.917671395,41.58
1759745783.883,121623.883,619493.15,5806174.63,41.56,-87.6,3.600000000000005,2.900000000000023,,1,92.4,-3.048208560711831,3.475402792541215,619490.1017914393,5806178.105402793,41.56
1759745784.102,121624.102,619493.02,5806174.61,41.57,-87.19999999999997,3.4999999999999987,2.70000000000001,,1,92.80000000000003,-2.8677507651065297,3.3639271022468598,619490.152249235,5806177.973927103,41.57
1759745784.303,121624.303,619492.9,5806174.6,41.58,-86.10000000000004,4.2000000000000055,3.2999999999999985,,1,93.89999999999996,-3.5780223409515357,3.9658235119142313,619489.3219776591,5806178.565823511,41.58
1759745784.508,121624.508,619492.59,5806174.67,41.57,-87.79999999999998,3.600000000000018,3.900000000000012,,1,92.20000000000002,-4.035321486716508,3.4476340436369246,619488.5546785132,5806178.117634043,41.57
1759745784.711,121624.711,619492.34,5806174.61,41.6,-87.69999999999995,5.900000000000002,2.999999999999992,,1,92.30000000000005,-3.2343607612854384,5.774851553577551,619489.1056392387,5806180.3848515535,41.6
1759745784.912,121624.912,619492.2,5806174.57,41.59,-87.69999999999999,4.400000000000007,1.699999999999996,,1,92.30000000000001,-1.8752103588378177,4.328231291198217,619490.3247896411,5806178.898231291,41.59
1759745785.116,121625.116,619492.1,5806174.58,41.57,-87.89999999999998,4.300000000000012,1.699999999999996,,1,92.10000000000002,-1.8564262168619052,4.234817788447089,619490.2435737831,5806178.814817788,41.57
1759745785.333,121625.333,619492.1,5806174.58,41.57,-88.69999999999997,5.400000000000008,2.800000000000004,,1,91.30000000000003,-2.9217909073965815,5.33508555633879,619489.1782090926,5806179.915085556,41.57
1759745785.536,121625.536,619491.9,5806174.63,41.57,-89.39999999999999,3.699999999999999,4.600000000000019,,1,90.60000000000001,-4.638493380311485,3.651626919717662,619487.2615066197,5806178.281626919,41.57
1759745785.742,121625.742,619491.68,5806174.54,41.63,-89.10000000000001,3.899999999999999,3.2999999999999985,,1,90.89999999999999,-3.3608514247055785,3.8476847195494677,619488.3191485753,5806178.38768472,41.63
1759745785.943,121625.943,619491.47,5806174.53,41.6,-88.39999999999995,5.599999999999995,0.8999999999999949,,1,91.60000000000005,-1.0560102803883042,5.572687169374768,619490.4139897196,5806180.10268717,41.6
1759745786.143,121626.143,619491.36,5806174.6,41.57,-87.6,3.699999999999999,1.300000000000021,,1,92.4,-1.4537995979265752,3.642316121517814,619489.9062004021,5806178.242316121,41.57
1759745786.143,121626.143,619491.36,5806174.6,41.57,-88.80000000000007,3.0000000000000044,3.8999999999999866,,1,91.19999999999993,-3.9619719252019516,2.9176666128794535,619487.3980280748,5806177.517666613,41.57
1759745786.343,121626.343,619491.26,5806174.65,41.57,-89.80000000000001,3.400000000000005,3.900000000000012,,1,90.19999999999999,-3.911844454677154,3.3863657455171206,619487.3481555453,5806178.036365746,41.57
1759745786.561,121626.561,619491.11,5806174.59,41.62,-88.49999999999999,3.0000000000000044,2.4999999999999973,,1,91.50000000000001,-2.577674157362511,2.933529604156993,619488.5323258427,5806177.523529604,41.62
1759745786.763,121626.763,619490.94,5806174.55,41.62,-87.69999999999999,3.600000000000005,2.4000000000000035,,1,92.30000000000001,-2.542541001391889,3.500783520333867,619488.3974589986,5806178.050783521,41.62
1759745786.968,121626.968,619490.77,5806174.58,41.6,-88.80000000000003,3.900000000000012,3.499999999999986,,1,91.19999999999997,-3.580907829707036,3.8258461959601617,619487.1890921703,5806178.405846196,41.6
1759745787.172,121627.172,619490.57,5806174.65,41.57,-88.80000000000003,3.900000000000012,3.499999999999986,,1,91.19999999999997,-3.580907829707036,3.8258461959601617,619486.9890921703,5806178.4758461965,41.57
1759745787.376,121627.376,619490.3,5806174.65,41.57,-88.39999999999989,6.200000000000009,3.7999999999999927,,1,91.60000000000011,-3.9716325972394775,6.091480486100638,619486.3283674028,5806180.7414804865,41.57
1759745787.578,121627.578,619489.98,5806174.64,41.56,-89.09999999999995,7.700000000000005,3.600000000000005,,1,90.90000000000005,-3.720502220235008,7.642503727786234,619486.2594977798,5806182.282503728,41.56
1759745787.781,121627.781,619489.77,5806174.59,41.56,-89.49999999999999,7.899999999999992,2.5999999999999908,,1,90.50000000000001,-2.6688406304039924,7.877010199911172,619487.1011593696,5806182.4670102,41.56
1759745787.983,121627.983,619489.62,5806174.52,41.57,-89.80000000000001,7.900000000000005,2.5999999999999908,,1,90.19999999999999,-2.6275603060905115,7.890876176816969,619486.9924396939,5806182.410876176,41.57
1759745788.2,121628.2,619489.71,5806174.48,41.59,-88.10000000000002,-1.99999999999999,2.8999999999999977,,1,91.89999999999998,-2.832095269454042,-2.0950504492102295,619486.8779047305,5806172.384949551,41.59
1759745788.401,121628.401,619489.86,5806174.58,41.56,-87.69999999999999,-0.299999999999994,3.399999999999992,,1,92.30000000000001,-3.385221405629341,-0.4362064131450309,619486.4747785943,5806174.143793587,41.56
1759745788.603,121628.603,619489.64,5806174.63,41.57,-90.39999999999998,0.6000000000000009,1.4000000000000148,,1,89.60000000000002,-1.3957771268087906,0.6097591428403835,619488.2442228732,5806175.2397591425,41.57
1759745788.805,121628.805,619489.41,5806174.58,41.58,-90.0,0.6999999999999946,-1.100000000000008,,1,90.0,1.100000000000008,0.6999999999999945,619490.51,5806175.28,41.58
1759745789.008,121629.008,619489.25,5806174.59,41.53,-87.79999999999998,2.9000000000000106,0.1999999999999875,,1,92.20000000000002,-0.31117722963592054,2.8901848957733085,619488.9388227704,5806177.480184896,41.53
1759745789.225,121629.225,619488.95,5806174.62,41.54,-88.00000000000003,2.2999999999999967,2.0999999999999965,,1,91.99999999999997,-2.1789895791558487,2.225309959068666,619486.7710104208,5806176.845309959,41.54
1759745789.428,121629.428,619488.83,5806174.64,41.56,-89.49999999999999,2.800000000000004,0.9999999999999888,,1,90.50000000000001,-1.024396222459608,2.7911668490813093,619487.8056037775,5806177.431166849,41.56
1759745789.631,121629.631,619488.64,5806174.61,41.58,-88.80000000000003,3.300000000000011,-0.1999999999999875,,1,91.19999999999997,0.13084615107987999,3.303464739443672,619488.770846151,5806177.91346474,41.58
1759745789.832,121629.832,619488.42,5806174.61,41.55,-86.7,3.600000000000005,0.8000000000000012,,1,93.3,-1.0059039503456662,3.547979318242853,619487.4140960497,5806178.157979319,41.55
1759745790.034,121630.034,619488.25,5806174.65,41.53,-88.6000000000001,5.300000000000001,2.8999999999999977,,1,91.3999999999999,-3.0286248645744824,5.227564579197582,619485.2213751355,5806179.877564579,41.53
1759745790.253,121630.253,619487.97,5806174.65,41.55,-89.80000000000001,5.399999999999995,2.900000000000023,,1,90.19999999999999,-2.918831849849822,5.389844212247914,619485.0511681502,5806180.039844213,41.55
1759745790.455,121630.455,619487.76,5806174.61,41.56,-89.10000000000001,6.600000000000009,1.4000000000000148,,1,90.89999999999999,-1.5034955797323553,6.57719553014242,619486.2565044203,5806181.18719553,41.56
1759745790.66,121630.66,619487.53,5806174.59,41.54,-87.99999999999997,6.900000000000003,1.699999999999996,,1,92.00000000000003,-1.9397709331797184,6.8364675620375115,619485.5902290669,5806181.426467562,41.54
1759745790.861,121630.861,619487.31,5806174.63,41.5,-88.39999999999995,6.399999999999996,2.3000000000000096,,1,91.60000000000005,-2.477801752423671,6.333284967194053,619484.8321982477,5806180.9632849675,41.5
1759745791.063,121631.063,619487.15,5806174.64,41.52,-89.69999999999997,6.80000000000001,2.5999999999999908,,1,90.30000000000003,-2.635568913896957,6.786293281320819,619484.5144310861,5806181.426293281,41.52
1759745791.264,121631.264,619486.95,5806174.62,41.52,-88.39999999999995,6.600000000000009,2.5999999999999908,,1,91.60000000000005,-2.7832691146804724,6.524830498585067,619484.1667308853,5806181.144830499,41.52
1759745791.483,121631.483,619486.76,5806174.61,41.51,-88.10000000000002,8.100000000000005,2.6999999999999846,,1,91.89999999999998,-2.9670725279897896,8.00602776747922,619483.792927472,5806182.616027768,41.51
1759745791.684,121631.684,619486.51,5806174.62,41.48,-87.30000000000001,7.40000000000001,1.0999999999999823,,1,92.69999999999999,-1.4473665977095032,7.339967978937983,619485.0626334023,5806181.959967979,41.48
1759745791.888,121631.888,619486.31,5806174.6,41.51,-89.09999999999995,3.500000000000011,-0.4999999999999943,,1,90.90000000000005,0.44496270564944945,3.507421872341734,619486.7549627057,5806178.107421872,41.51
1759745792.09,121632.09,619486.36,5806174.54,41.51,-87.69999999999995,3.4999999999999987,-0.4999999999999943,,1,92.30000000000005,0.35913592369325475,3.5172462791668395,619486.7191359237,5806178.057246279,41.51
1759745792.293,121632.293,619486.29,5806174.54,41.5,-85.29999999999998,2.200000000000016,-0.5999999999999881,,1,94.70000000000002,0.41771771310471845,2.24176535617772,619486.7077177131,5806176.781765357,41.5
1759745792.494,121632.494,619486.23,5806174.6,41.5,-86.39999999999992,-1.699999999999996,1.2999999999999954,,1,93.60000000000008,-1.1906908637569134,-1.7782731137161663,619485.0393091362,5806172.821726886,41.5
1759745792.712,121632.712,619486.33,5806174.64,41.53,-86.39999999999992,1.7000000000000088,0.4999999999999943,,1,93.60000000000008,-0.6057572474139656,1.6652501785634133,619485.7242427525,5806176.305250178,41.53
1759745792.912,121632.912,619485.99,5806174.6,41.54,-86.89999999999999,1.100000000000008,-0.1999999999999875,,1,93.10000000000001,0.14022063978197646,1.1092060999557956,619486.1302206398,5806175.7092061,41.54
1759745793.114,121633.114,619485.99,5806174.6,41.54,-86.8,0.8999999999999949,-0.0999999999999937,,1,93.2,0.04960472192434467,0.9041788382630939,619486.0396047219,5806175.504178838,41.54
1759745793.315,121633.315,619485.91,5806174.59,41.53,-86.8,2.70000000000001,0.4999999999999943,,1,93.2,-0.6499384455725277,2.667879310794777,619485.2600615545,5806177.25787931,41.53
1759745793.518,121633.518,619485.64,5806174.62,41.53,-86.8,2.70000000000001,1.2999999999999954,,1,93.2,-1.4486910569181135,2.6232221068002457,619484.1913089431,5806177.243222107,41.53
1759745793.736,121633.736,619485.64,5806174.62,41.53,-86.8,3.400000000000005,1.2000000000000015,,1,93.2,-1.387922033995136,3.3277127922269436,619484.252077966,5806177.947712792,41.53
1759745793.941,121633.941,619485.43,5806174.59,41.54,-86.60000000000001,3.0000000000000044,0.7000000000000074,,1,93.39999999999999,-0.8766870002745276,2.953205022268127,619484.5533129998,5806177.543205022,41.54
1759745794.146,121634.146,619485.43,5806174.59,41.54,-86.39999999999996,4.199999999999993,0.8999999999999949,,1,93.60000000000004,-1.1619442376085578,4.135200791822351,619484.2680557624,5806178.725200792,41.54
1759745794.347,121634.347,619485.35,5806174.61,41.54,-86.10000000000004,4.2000000000000055,0.9999999999999888,,1,93.89999999999996,-1.2833484996296336,4.122258680444301,619484.0666515003,5806178.732258681,41.54
1759745794.347,121634.347,619485.35,5806174.61,41.54,-86.30000000000003,2.70000000000001,0.7000000000000074,,1,93.69999999999997,-0.8727781650735184,2.6491995535578226,619484.4772218349,5806177.259199554,41.54
1759745794.55,121634.55,619485.21,5806174.61,41.55,-85.29999999999998,1.6000000000000023,1.699999999999996,,1,94.70000000000002,-1.8253851713987241,1.4553243542377914,619483.3846148285,5806176.065324355,41.55
1759745794.751,121634.751,619485.17,5806174.63,41.55,-85.69999999999996,0.8000000000000012,2.800000000000004,,1,94.30000000000004,-2.8521013553313908,0.5878076717063743,619482.3178986447,5806175.217807672,41.55
1759745794.953,121634.953,619485.08,5806174.64,41.56,-86.8,0.6000000000000009,2.5999999999999908,,1,93.2,-2.6294388898690397,0.45392854552696404,619482.45056111,5806175.093928545,41.56
1759745795.169,121635.169,619484.94,5806174.6,41.59,-85.60000000000002,0.4000000000000006,2.3000000000000096,,1,94.39999999999998,-2.3239089413726535,0.22236733619908597,619482.6160910586,5806174.822367336,41.59
1759745795.371,121635.371,619484.76,5806174.6,41.58,-85.60000000000002,0.4000000000000006,2.3000000000000096,,1,94.39999999999998,-2.3239089413726535,0.22236733619908597,619482.4360910587,5806174.822367336,41.58
1759745795.573,121635.573,619484.59,5806174.62,41.58,-85.89999999999995,1.7000000000000088,2.200000000000016,,1,94.10000000000005,-2.315915377813661,1.5383549534507015,619482.2740846222,5806176.158354954,41.58
1759745795.776,121635.776,619484.37,5806174.64,41.58,-86.0,3.4999999999999987,2.4000000000000035,,1,94.0,-2.63830137872802,3.324058638923482,619481.7316986213,5806177.964058639,41.58
1759745795.979,121635.979,619484.22,5806174.67,41.57,-87.69999999999999,3.4999999999999987,2.4000000000000035,,1,92.30000000000001,-2.538527822138633,3.4008640808224158,619481.6814721779,5806178.07086408,41.57
1759745796.194,121636.194,619484.05,5806174.65,41.58,-87.39999999999996,2.8999999999999977,2.4999999999999973,,1,92.60000000000004,-2.6289790900516214,2.783607182069934,619481.42102091,5806177.433607182,41.58
1759745796.395,121636.395,619483.89,5806174.65,41.59,-86.39999999999992,3.900000000000012,2.999999999999992,,1,93.60000000000008,-3.2389632114491347,3.703932682282327,619480.6510367886,5806178.353932682,41.59
1759745796.6,121636.6,619483.71,5806174.67,41.58,-86.19999999999999,4.600000000000007,3.399999999999992,,1,93.80000000000001,-3.6973849340329643,4.364555492783436,619480.0126150659,5806179.034555493,41.58
1759745796.803,121636.803,619483.49,5806174.68,41.57,-87.30000000000001,3.300000000000011,3.399999999999992,,1,92.69999999999999,-3.5516768622125103,3.1361746549617284,619479.9383231378,5806177.816174654,41.57
1759745797.006,121637.006,619483.42,5806174.68,41.59,-88.80000000000003,5.00000000000002,2.7999999999999785,,1,91.19999999999997,-2.9040980131463288,4.94026464170085,619480.5159019869,5806179.620264641,41.59
1759745797.222,121637.222,619483.15,5806174.66,41.59,-88.60000000000004,4.600000000000007,2.4000000000000035,,1,91.39999999999996,-2.5116715949770443,4.539989625427083,619480.6383284051,5806179.199989625,41.59
1759745797.424,121637.424,619482.98,5806174.67,41.57,-88.10000000000002,3.600000000000018,2.800000000000004,,1,91.89999999999998,-2.917819246835618,3.505186277902471,619480.0621807531,5806178.175186277,41.57
1759745797.626,121637.626,619482.9,5806174.69,41.57,-89.00000000000001,5.1000000000000005,3.499999999999986,,1,90.99999999999999,-3.5884742058775,5.038139822767104,619479.3115257941,5806179.728139823,41.57
1759745797.829,121637.829,619482.62,5806174.71,41.57,-88.6000000000001,4.1,3.699999999999999,,1,91.3999999999999,-3.799067442616248,4.008377048938041,619478.8209325573,5806178.718377049,41.57
1759745798.031,121638.031,619482.5,5806174.69,41.58,-89.09999999999995,6.500000000000003,2.1999999999999904,,1,90.90000000000005,-2.3018261539864833,6.46464201304479,619480.198173846,5806181.154642014,41.58
1759745798.235,121638.235,619482.24,5806174.67,41.57,-89.00000000000001,6.600000000000009,2.3000000000000096,,1,90.99999999999999,-2.4148355813457796,6.55885425322644,619479.8251644187,5806181.228854253,41.57
1759745798.452,121638.452,619482.02,5806174.66,41.55,-89.00000000000001,5.999999999999996,3.2999999999999985,,1,90.99999999999999,-3.404211832639789,5.941493229695309,619478.6157881673,5806180.60149323,41.55
1759745798.654,121638.654,619481.89,5806174.68,41.55,-87.99999999999997,6.900000000000016,3.2999999999999985,,1,92.00000000000003,-3.538796256410275,6.780628367313522,619478.3512037436,5806181.460628367,41.55
1759745798.855,121638.855,619481.89,5806174.68,41.55,-89.00000000000001,5.899999999999989,3.1000000000000107,,1,90.99999999999999,-3.2024970529647945,5.84499894146712,619478.687502947,5806180.524998941,41.55
1759745799.059,121639.059,619481.64,5806174.7,41.59,-88.99999999999996,6.69999999999999,2.1999999999999904,,1,91.00000000000004,-2.316596052473855,6.660584263385787,619479.3234039475,5806181.360584264,41.59
1759745799.26,121639.26,619481.27,5806174.67,41.56,-89.60000000000002,6.80000000000001,2.70000000000001,,1,90.39999999999998,-2.747406772930711,6.780984885992199,619478.5225932271,5806181.450984886,41.56
1759745799.463,121639.463,619481.27,5806174.67,41.56,-89.69999999999997,7.399999999999998,3.2000000000000046,,1,90.30000000000003,-3.2387022675442787,7.383143478370411,619478.0312977325,5806182.053143478,41.56
1759745799.68,121639.68,619481.06,5806174.69,41.54,-88.3,6.80000000000001,2.200000000000016,,1,91.7,-2.4007621520414153,6.731741311824576,619478.659237848,5806181.421741312,41.54
1759745799.881,121639.881,619480.84,5806174.72,41.52,-89.2,4.5,1.0999999999999823,,1,90.8,-1.1627225879363707,4.484202959668809,619479.677277412,5806179.204202959,41.52
1759745800.083,121640.083,619480.67,5806174.69,41.54,-87.5,6.000000000000009,1.4000000000000148,,1,92.5,-1.6603838344066315,5.933222187179685,619479.0096161657,5806180.623222187,41.54
1759745800.287,121640.287,619480.38,5806174.68,41.49,-87.39999999999996,4.700000000000013,2.6999999999999846,,1,92.60000000000004,-2.9104265826424105,4.572681610067385,619477.4695734173,5806179.25268161,41.49
1759745800.488,121640.488,619480.23,5806174.7,41.52,-88.39999999999995,5.400000000000008,1.699999999999996,,1,91.60000000000005,-1.850114044675875,5.350427835387853,619478.3798859552,5806180.050427835,41.52
1759745800.694,121640.694,619480.05,5806174.67,41.53,-86.39999999999996,5.600000000000008,1.5000000000000084,,1,93.60000000000004,-1.848667002006575,5.494763899904356,619478.201332998,5806180.1647638995,41.53
1759745800.912,121640.912,619479.73,5806174.68,41.51,-85.60000000000002,3.600000000000005,2.100000000000022,,1,94.39999999999998,-2.3699992809331003,3.428279948950598,619477.3600007191,5806178.108279949,41.51
1759745801.113,121641.113,619479.5,5806174.69,41.5,-85.60000000000002,5.300000000000001,1.6000000000000023,,1,94.39999999999998,-2.0018952526352116,5.161629141799769,619477.4981047474,5806179.851629143,41.5
1759745801.313,121641.313,619479.34,5806174.69,41.5,-85.0,4.399999999999993,1.6000000000000023,,1,95.0,-1.9773967850364909,4.24380748320742,619477.3626032149,5806178.933807484,41.5
1759745801.515,121641.515,619479.2,5806174.71,41.5,-85.49999999999997,4.1,1.3999999999999893,,1,94.50000000000003,-1.7173665597105343,3.977518334286842,619477.4826334403,5806178.687518334,41.5
1759745801.719,121641.719,619479.01,5806174.75,41.49,-86.39999999999996,4.999999999999995,2.4000000000000035,,1,93.60000000000004,-2.7092167458744254,4.839436395270999,619476.3007832541,5806179.589436395,41.49
1759745801.935,121641.935,619478.85,5806174.73,41.5,-86.60000000000001,4.600000000000007,2.8999999999999977,,1,93.39999999999999,-3.16770481942834,4.41991472507904,619475.6822951805,5806179.149914726,41.5
1759745802.137,121642.137,619478.68,5806174.72,41.5,-86.19999999999999,4.700000000000013,2.6999999999999846,,1,93.80000000000001,-3.0055512962685222,4.510727369892647,619475.6744487038,5806179.23072737,41.5
1759745802.34,121642.34,619478.52,5806174.71,41.53,-85.39999999999998,4.700000000000013,2.200000000000016,,1,94.60000000000002,-2.569848476949399,4.508423095220882,619475.9501515231,5806179.2184230955,41.53
1759745802.542,121642.542,619478.38,5806174.72,41.51,-85.19999999999999,4.7,1.5000000000000084,,1,94.80000000000001,-1.888025152536149,4.557999673474196,619476.4919748475,5806179.277999673,41.51
1759745802.542,121642.542,619478.38,5806174.72,41.51,-85.69999999999996,4.600000000000007,1.900000000000009,,1,94.30000000000004,-2.2395538970988396,4.444592033245515,619476.140446103,5806179.164592033,41.51
1759745802.744,121642.744,619478.2,5806174.73,41.5,-85.39999999999998,3.899999999999999,2.0000000000000027,,1,94.60000000000002,-2.306333561795048,3.7270397773216444,619475.8936664382,5806178.457039778,41.5
1759745802.961,121642.961,619478.08,5806174.72,41.52,-84.69999999999997,5.300000000000001,2.200000000000016,,1,95.30000000000003,-2.6801584494728754,5.074125607995848,619475.3998415505,5806179.794125608,41.52
1759745803.163,121643.163,619477.87,5806174.75,41.51,-85.80000000000001,4.400000000000019,3.2999999999999985,,1,94.19999999999999,-3.61338584220229,4.1464976492664505,619474.2566141578,5806178.896497649,41.51
1759745803.365,121643.365,619477.69,5806174.79,41.5,-85.80000000000001,3.900000000000012,4.199999999999993,,1,94.19999999999999,-4.474349773140481,3.5819260332393466,619473.2156502268,5806178.371926033,41.5
1759745803.567,121643.567,619477.55,5806174.77,41.52,-85.80000000000001,3.900000000000012,4.199999999999993,,1,94.19999999999999,-4.474349773140481,3.5819260332393466,619473.0756502269,5806178.351926032,41.52
1759745803.77,121643.77,619477.36,5806174.7,41.56,-87.30000000000001,4.000000000000005,2.4999999999999973,,1,92.69999999999999,-2.685650490243492,3.8777933730737795,619474.6743495098,5806178.577793373,41.56
1759745803.973,121643.973,619477.36,5806174.7,41.56,-85.69999999999996,2.70000000000001,2.3000000000000096,,1,94.30000000000004,-2.4959683695388626,2.5199487888172665,619474.8640316305,5806177.219948789,41.56
1759745804.19,121644.19,619477.23,5806174.73,41.52,-84.49999999999999,2.70000000000001,2.3000000000000096,,1,95.50000000000001,-2.548194788049127,2.467124504794876,619474.6818052119,5806177.197124505,41.52
1759745804.392,121644.392,619477.05,5806174.79,41.5,-84.69999999999997,4.000000000000005,3.2999999999999985,,1,95.30000000000003,-3.6553738537953677,3.678075854164679,619473.3946261463,5806178.468075854,41.5
1759745804.593,121644.593,619476.88,5806174.8,41.53,-84.39999999999999,4.400000000000007,3.1000000000000107,,1,95.60000000000001,-3.514569698883946,4.076493570666699,619473.3654303012,5806178.87649357,41.53
1759745804.798,121644.798,619476.65,5806174.77,41.55,-83.89999999999998,4.2000000000000055,4.1,,1,96.10000000000002,-4.52309467055832,3.740536672880906,619472.1269053294,5806178.510536673,41.55
1759745805.0,121645.0,619476.26,5806174.84,41.53,-83.39999999999995,5.300000000000001,5.3000000000000265,,1,96.60000000000005,-5.874042555294324,4.655708760069902,619470.3859574447,5806179.49570876,41.53
1759745805.217,121645.217,619475.98,5806174.88,41.54,-83.10000000000002,4.000000000000005,4.9,,1,96.89999999999998,-5.345058330792871,3.382358857428019,619470.6349416692,5806178.262358857,41.54
1759745805.42,121645.42,619475.87,5806174.88,41.54,-83.10000000000002,2.4000000000000035,3.499999999999986,,1,96.89999999999998,-3.7629791099561976,1.9621386847094113,619472.10702089,5806176.842138684,41.54
1759745805.622,121645.622,619475.79,5806174.86,41.53,-83.30000000000001,3.4999999999999987,3.59999999999998,,1,96.69999999999999,-3.9837619181861954,3.056082619827104,619471.8062380819,5806177.916082621,41.53
1759745805.824,121645.824,619475.79,5806174.86,41.53,-83.30000000000001,3.200000000000017,4.400000000000007,,1,96.69999999999999,-4.743297216687213,2.6647948352861066,619471.0467027833,5806177.524794836,41.53
1759745806.025,121646.025,619475.39,5806174.94,41.51,-80.89999999999995,4.500000000000012,4.1,,1,99.10000000000005,-4.760107910323918,3.794914054635727,619470.6298920896,5806178.734914055,41.51
1759745806.229,121646.229,619475.39,5806174.94,41.51,-81.60000000000001,4.400000000000007,2.999999999999992,,1,98.39999999999999,-3.610582324563569,3.9145491793499216,619471.7794176755,5806178.85454918,41.51
1759745806.448,121646.448,619475.16,5806174.95,41.55,-82.99999999999997,3.999999999999993,1.6000000000000023,,1,97.00000000000003,-2.0755512162467085,3.7751936571170437,619473.0844487838,5806178.725193657,41.55
1759745806.651,121646.651,619474.97,5806174.91,41.54,-82.69999999999999,4.400000000000007,1.9999999999999771,,1,97.30000000000001,-2.5428731630259804,4.110206330193439,619472.427126837,5806179.02020633,41.54
1759745806.852,121646.852,619474.81,5806174.91,41.54,-81.7,3.500000000000011,2.100000000000022,,1,98.3,-2.5832508605482656,3.160192239639357,619472.2267491395,5806178.07019224,41.54
1759745807.054,121647.054,619474.6,5806174.96,41.53,-81.89999999999999,3.900000000000012,1.899999999999984,,1,98.10000000000001,-2.4305597542180175,3.593379924413181,619472.1694402457,5806178.553379924,41.53
1759745807.256,121647.256,619474.5,5806174.98,41.55,-80.80000000000007,3.2999999999999985,2.0999999999999965,,1,99.19999999999993,-2.600594076036322,2.921799180588009,619471.899405924,5806177.9017991815,41.55
1759745807.458,121647.458,619474.3,5806174.99,41.54,-80.49999999999999,4.2000000000000055,1.4000000000000148,,1,99.50000000000001,-2.0739997867669864,3.9113328782514256,619472.2260002133,5806178.9013328785,41.54
1759745807.675,121647.675,619474.16,5806175.0,41.54,-80.49999999999999,3.600000000000005,1.4000000000000148,,1,99.50000000000001,-1.9749712232505798,3.319561517329086,619472.1850287768,5806178.319561517,41.54
1759745807.878,121647.878,619473.81,5806175.04,41.53,-80.80000000000001,4.400000000000007,2.7999999999999785,,1,99.19999999999999,-3.4674587680484183,3.895732240784021,619470.342541232,5806178.935732241,41.53
1759745808.079,121648.079,619473.81,5806175.04,41.53,-80.39999999999999,3.800000000000005,3.000000000000017,,1,99.60000000000001,-3.5917093487327216,3.246478700719613,619470.2182906513,5806178.286478701,41.53
1759745808.28,121648.28,619473.6,5806175.1,41.54,-79.3,4.500000000000012,1.699999999999996,,1,100.7,-2.505941523359242,4.1061243382908,619471.0940584766,5806179.206124338,41.54
1759745808.484,121648.484,619473.44,5806175.09,41.57,-78.69999999999999,5.20000000000002,1.699999999999996,,1,101.30000000000001,-2.685964869590334,4.766087779230127,619470.7540351304,5806179.856087779,41.57
1759745808.701,121648.701,619473.04,5806175.17,41.53,-78.89999999999998,4.099999999999986,2.900000000000023,,1,101.10000000000002,-3.6350887883337526,3.4649862194430545,619469.4049112117,5806178.634986219,41.53
1759745808.905,121648.905,619472.93,5806175.21,41.55,-79.80000000000003,5.300000000000001,3.000000000000017,,1,100.19999999999997,-3.8911359476015317,4.684982501278232,619469.0388640525,5806179.894982501,41.55
1759745809.107,121649.107,619472.69,5806175.19,41.57,-79.60000000000004,4.199999999999993,1.3999999999999893,,1,100.39999999999996,-2.1351804691910776,3.8782733740654334,619470.5548195308,5806179.068273375,41.57
1759745809.309,121649.309,619472.55,5806175.18,41.56,-78.6,4.500000000000012,1.0999999999999823,,1,101.4,-1.9677563237899467,4.193797211380725,619470.5822436763,5806179.373797211,41.56
1759745809.511,121649.511,619472.37,5806175.24,41.54,-78.6,4.200000000000019,2.200000000000016,,1,101.4,-2.986757413760137,3.68229278457717,619469.3832425863,5806178.922292785,41.54
1759745809.713,121649.713,619472.04,5806175.29,41.55,-78.89999999999998,4.300000000000012,2.4000000000000035,,1,101.10000000000002,-3.1829468496427973,3.757505735504487,619468.8570531504,5806179.047505735,41.55
1759745809.931,121649.931,619472.04,5806175.29,41.55,-78.20000000000002,4.5,1.8000000000000154,,1,101.79999999999998,-2.682193533059104,4.036810356112357,619469.357806467,5806179.326810356,41.55
1759745810.133,121650.133,619471.83,5806175.31,41.55,-78.39999999999996,4.300000000000012,2.3000000000000096,,1,101.60000000000004,-3.117658135006154,3.749694354641469,619468.712341865,5806179.059694354,41.55
1759745810.337,121650.337,619471.47,5806175.39,41.54,-78.99999999999997,5.500000000000002,3.000000000000017,,1,101.00000000000003,-3.994331024914007,4.826522522832514,619467.475668975,5806180.216522522,41.54
1759745810.539,121650.539,619471.28,5806175.41,41.55,-78.89999999999998,4.800000000000007,3.2999999999999985,,1,101.10000000000002,-4.162371230498766,4.074882297627288,619467.1176287695,5806179.484882298,41.55
1759745810.741,121650.741,619471.11,5806175.45,41.52,-78.89999999999998,5.1000000000000005,3.2999999999999985,,1,101.10000000000002,-4.220127820456537,4.369270096824955,619466.8898721795,5806179.819270097,41.52
1759745810.741,121650.741,619471.11,5806175.45,41.52,-77.8,5.200000000000007,4.1,,1,102.2,-5.106294108141015,4.216130984820612,619466.0037058919,5806179.666130985,41.52
1759745810.944,121650.944,619470.94,5806175.51,41.52,-78.99999999999997,5.600000000000008,4.800000000000007,,1,101.00000000000003,-5.780340854657448,4.581229049499506,619465.1596591453,5806180.0912290495,41.52
1759745811.159,121651.159,619470.94,5806175.51,41.52,-79.89999999999996,5.600000000000008,5.099999999999988,,1,100.10000000000004,-6.003019883984747,4.618847504787718,619464.936980116,5806180.128847505,41.52
1759745811.363,121651.363,619470.75,5806175.55,41.53,-79.80000000000003,6.000000000000009,4.9,,1,100.19999999999997,-5.885066920966785,5.0374584202495045,619464.864933079,5806180.58745842,41.53
1759745811.565,121651.565,619470.57,5806175.56,41.53,-79.80000000000003,6.000000000000009,4.9,,1,100.19999999999997,-5.885066920966785,5.0374584202495045,619464.6849330789,5806180.597458419,41.53
1759745811.766,121651.766,619470.4,5806175.58,41.52,-79.80000000000003,6.500000000000003,5.40000000000002,,1,100.19999999999997,-6.465707095111215,5.441013854074325,619463.9342929049,5806181.021013854,41.52
1759745811.969,121651.969,619470.06,5806175.64,41.53,-80.3,5.600000000000008,5.700000000000002,,1,99.7,-6.562050299370483,4.559549963377072,619463.4979497007,5806180.199549963,41.53
1759745812.173,121652.173,619470.06,5806175.64,41.53,-80.69999999999997,5.500000000000014,5.200000000000007,,1,99.30000000000003,-6.020470741383896,4.587366570499973,619464.0395292586,5806180.22736657,41.53
1759745812.39,121652.39,619469.91,5806175.64,41.53,-79.50000000000004,5.599999999999995,5.399999999999995,,1,100.49999999999996,-6.330095443601371,4.52215564470055,619463.5799045564,5806180.162155644,41.53
1759745812.592,121652.592,619469.61,5806175.71,41.52,-79.50000000000004,5.599999999999995,5.399999999999995,,1,100.49999999999996,-6.330095443601371,4.52215564470055,619463.2799045563,5806180.232155644,41.52
1759745812.796,121652.796,619469.46,5806175.72,41.53,-79.60000000000004,5.600000000000008,5.399999999999995,,1,100.39999999999996,-6.3221931557954125,4.53319685220195,619463.1378068442,5806180.253196852,41.53
1759745812.998,121652.998,619469.34,5806175.73,41.53,-79.60000000000004,6.500000000000003,4.999999999999995,,1,100.39999999999996,-6.091231798195561,5.490618834034216,619463.2487682018,5806181.220618835,41.53
1759745813.2,121653.2,619469.19,5806175.76,41.52,-80.69999999999997,5.400000000000008,5.300000000000001,,1,99.30000000000003,-6.102995930914234,4.472520616748951,619463.087004069,5806180.232520617,41.52
1759745813.404,121653.404,619469.19,5806175.76,41.52,-81.39999999999998,4.800000000000007,4.700000000000013,,1,98.60000000000002,-5.364924639450748,4.043214514840196,619463.8250753605,5806179.803214515,41.52
1759745813.619,121653.619,619469.12,5806175.76,41.53,-81.49999999999991,4.1,4.599999999999993,,1,98.50000000000009,-5.1554915570962185,3.375041748587644,619463.9645084429,5806179.135041748,41.53
1759745813.823,121653.823,619468.89,5806175.78,41.51,-80.89999999999995,4.5,5.300000000000001,,1,99.10000000000005,-5.945004478425011,3.605124373930333,619462.9449955216,5806179.385124374,41.51
1759745814.026,121654.026,619468.73,5806175.83,41.51,-81.20000000000003,4.500000000000012,6.199999999999996,,1,98.79999999999997,-6.815452228246794,3.4985155315484677,619461.9145477717,5806179.3285155315,41.51
1759745814.227,121654.227,619468.56,5806175.85,41.53,-81.99999999999999,4.600000000000007,6.300000000000015,,1,98.00000000000001,-6.87888509748821,3.678442580162815,619461.6811149026,5806179.52844258,41.53
1759745814.429,121654.429,619468.38,5806175.85,41.53,-82.50000000000001,3.899999999999999,5.500000000000014,,1,97.49999999999999,-5.961998887214172,3.148740902147576,619462.4180011128,5806178.998740902,41.53
1759745814.645,121654.645,619468.23,5806175.85,41.53,-82.79999999999994,3.600000000000005,4.799999999999981,,1,97.20000000000006,-5.213350207140974,2.970013403623462,619463.0166497928,5806178.820013403,41.53
1759745814.847,121654.847,619468.08,5806175.87,41.52,-81.99999999999999,4.400000000000019,5.799999999999995,,1,98.00000000000001,-6.355916442925395,3.549975516894548,619461.724083557,5806179.419975517,41.52
1759745815.049,121655.049,619467.85,5806175.94,41.52,-82.60000000000001,4.400000000000007,7.20000000000001,,1,97.39999999999999,-7.7067329940995375,3.4360248191271516,619460.1432670059,5806179.37602482,41.52
1759745815.253,121655.253,619467.7,5806175.97,41.55,-84.30000000000005,3.900000000000012,6.199999999999996,,1,95.69999999999995,-6.556691557759788,3.264934274438239,619461.1433084422,5806179.234934274,41.55
1759745815.457,121655.457,619467.54,5806175.91,41.58,-85.19999999999999,3.200000000000017,3.900000000000012,,1,94.80000000000001,-4.15409124973649,2.8624335606023985,619463.3859087504,5806178.77243356,41.58
1759745815.659,121655.659,619467.41,5806175.85,41.57,-83.89999999999998,4.800000000000007,2.70000000000001,,1,96.10000000000002,-3.194779991573584,4.485909139231557,619464.2152200085,5806180.335909138,41.57
1759745815.878,121655.878,619467.21,5806175.9,41.54,-81.89999999999999,4.400000000000007,4.000000000000005,,1,98.10000000000001,-4.5800600513916,3.7924991662025285,619462.6299399486,5806179.692499166,41.54
1759745816.082,121656.082,619467.05,5806175.97,41.54,-82.99999999999997,5.1000000000000005,5.099999999999988,,1,97.00000000000003,-5.683519024736986,4.440451722004489,619461.3664809753,5806180.410451721,41.54
1759745816.287,121656.287,619466.88,5806176.0,41.56,-82.99999999999997,5.1000000000000005,5.099999999999988,,1,97.00000000000003,-5.683519024736986,4.440451722004489,619461.1964809753,5806180.440451722,41.56
1759745816.493,121656.493,619466.67,5806175.94,41.57,-85.29999999999998,6.399999999999996,3.2000000000000046,,1,94.70000000000002,-3.7136460930499844,6.116276048019299,619462.956353907,5806182.0562760485,41.57
1759745816.696,121656.696,619466.67,5806175.94,41.57,-84.3,6.199999999999996,-0.6000000000000135,,1,95.7,-0.018749106433812,6.228936383605784,619466.6512508936,5806182.168936384,41.57
1759745816.898,121656.898,619466.57,5806175.9,41.55,-83.30000000000001,7.300000000000004,2.0000000000000027,,1,96.69999999999999,-2.838037679902106,7.016804267432287,619463.73196232,5806182.916804268,41.55
1759745817.101,121657.101,619466.31,5806176.06,41.5,-84.3,8.800000000000013,4.299999999999987,,1,95.7,-5.152752748577285,8.329414091761159,619461.1572472515,5806184.389414092,41.5
1759745817.303,121657.303,619466.18,5806176.05,41.54,-85.19999999999999,9.4,3.499999999999986,,1,94.80000000000001,-4.274296734697019,9.074160425282237,619461.9057032653,5806185.124160425,41.54
1759745817.504,121657.504,619466.08,5806176.01,41.56,-83.39999999999995,9.100000000000009,2.4000000000000035,,1,96.60000000000005,-3.430022706926049,8.763843005780734,619462.649977293,5806184.773843005,41.56
1759745817.722,121657.722,619466.07,5806176.02,41.52,-85.29999999999998,8.399999999999999,3.399999999999992,,1,94.70000000000002,-4.076850587673661,8.093163119929367,619461.9931494123,5806184.113163119,41.52
1759745817.925,121657.925,619466.07,5806176.03,41.53,-84.10000000000001,8.499999999999993,4.700000000000013,,1,95.89999999999999,-5.548839803142326,7.971849022595913,619460.5211601969,5806184.001849023,41.53
1759745818.127,121658.127,619466.06,5806176.0,41.54,-83.5,8.300000000000006,3.600000000000005,,1,96.5,-4.516445354709346,7.839114832551217,619461.5435546454,5806183.839114833,41.54
1759745818.331,121658.331,619466.1,5806176.03,41.51,-85.0,7.40000000000001,3.000000000000017,,1,95.0,-3.633536590607925,7.110373537635951,619462.4664634094,5806183.140373538,41.51
1759745818.535,121658.535,619466.11,5806176.05,41.51,-84.40000000000005,6.900000000000003,4.400000000000007,,1,95.59999999999995,-5.052322568258191,6.437704300934384,619461.0576774317,5806182.4877043,41.51
1759745818.739,121658.739,619466.12,5806176.0,41.52,-84.00000000000001,7.00000000000001,3.900000000000012,,1,95.99999999999999,-4.610334634809851,6.553992260834075,619461.5096653652,5806182.553992261,41.52
1759745818.942,121658.942,619466.12,5806176.02,41.51,-84.3,7.00000000000001,3.1000000000000107,,1,95.7,-3.779910515085286,6.6574977655233125,619462.3400894849,5806182.677497765,41.51
1759745818.942,121658.942,619466.12,5806176.02,41.51,-84.39999999999999,7.00000000000001,4.199999999999993,,1,95.60000000000001,-4.863035378237732,6.5567436208844,619461.2569646217,5806182.57674362,41.51
1759745819.146,121659.146,619466.12,5806176.05,41.49,-84.10000000000007,7.00000000000001,3.699999999999999,,1,95.89999999999993,-4.399948180844264,6.582587333707422,619461.7200518191,5806182.632587333,41.49
1759745819.352,121659.352,619466.12,5806176.01,41.51,-84.3,6.900000000000003,3.2999999999999985,,1,95.7,-3.9689896541031544,6.538128258578457,619462.1510103459,5806182.548128258,41.51
1759745819.555,121659.555,619466.12,5806176.02,41.5,-84.3,6.900000000000003,3.2999999999999985,,1,95.7,-3.9689896541031544,6.538128258578457,619462.1510103459,5806182.558128258,41.5
1759745819.758,121659.758,619466.12,5806176.04,41.49,-84.3,6.900000000000003,3.2999999999999985,,1,95.7,-3.9689896541031544,6.538128258578457,619462.1510103459,5806182.578128259,41.49
1759745819.976,121659.976,619466.12,5806176.02,41.5,-84.3,6.900000000000003,3.2999999999999985,,1,95.7,-3.9689896541031544,6.538128258578457,619462.1510103459,5806182.558128258,41.5
1759745820.179,121700.179,619466.12,5806176.02,41.5,-84.3,6.900000000000003,3.2999999999999985,,1,95.7,-3.9689896541031544,6.538128258578457,619462.1510103459,5806182.558128258,41.5
1759745820.381,121700.381,619466.12,5806176.02,41.5,-84.3,6.900000000000003,3.2999999999999985,,1,95.7,-3.9689896541031544,6.538128258578457,619462.1510103459,5806182.558128258,41.5
1759745820.583,121700.583,619466.12,5806176.02,41.5,-84.3,6.900000000000003,3.2999999999999985,,1,95.7,-3.9689896541031544,6.538128258578457,619462.1510103459,5806182.558128258,41.5
1759745820.787,121700.787,619466.12,5806176.02,41.5,-84.3,6.900000000000003,3.2999999999999985,,1,95.7,-3.9689896541031544,6.538128258578457,619462.1510103459,5806182.558128258,41.5
1759745820.989,121700.989,619466.12,5806176.02,41.5,-84.3,6.900000000000003,3.2999999999999985,,1,95.7,-3.9689896541031544,6.538128258578457,619462.1510103459,5806182.558128258,41.5
1759745821.193,121701.193,619466.12,5806176.02,41.5,-84.3,6.900000000000003,3.2999999999999985,,1,95.7,-3.9689896541031544,6.538128258578457,619462.1510103459,5806182.558128258,41.5
1759745821.412,121701.412,619466.12,5806176.02,41.5,-84.3,6.900000000000003,3.2999999999999985,,1,95.7,-3.9689896541031544,6.538128258578457,619462.1510103459,5806182.558128258,41.5
1759745821.615,121701.615,619466.12,5806176.02,41.5,-84.3,6.900000000000003,3.2999999999999985,,1,95.7,-3.9689896541031544,6.538128258578457,619462.1510103459,5806182.558128258,41.5
1759745821.82,121701.82,619466.12,5806176.02,41.5,-84.3,6.900000000000003,3.2999999999999985,,1,95.7,-3.9689896541031544,6.538128258578457,619462.1510103459,5806182.558128258,41.5
1759745822.025,121702.025,619466.12,5806176.02,41.5,-84.3,6.900000000000003,3.2999999999999985,,1,95.7,-3.9689896541031544,6.538128258578457,619462.1510103459,5806182.558128258,41.5
1759745822.229,121702.229,619466.12,5806176.02,41.5,-84.3,6.900000000000003,3.2999999999999985,,1,95.7,-3.9689896541031544,6.538128258578457,619462.1510103459,5806182.558128258,41.5
1759745822.432,121702.432,619466.12,5806176.02,41.5,-84.3,6.900000000000003,3.2999999999999985,,1,95.7,-3.9689896541031544,6.538128258578457,619462.1510103459,5806182.558128258,41.5
1759745822.634,121702.634,619466.12,5806176.02,41.5,-84.3,6.900000000000003,3.2999999999999985,,1,95.7,-3.9689896541031544,6.538128258578457,619462.1510103459,5806182.558128258,41.5
1759745822.836,121702.836,619466.12,5806176.02,41.5,-84.3,6.900000000000003,3.2999999999999985,,1,95.7,-3.9689896541031544,6.538128258578457,619462.1510103459,5806182.558128258,41.5
